{
  "train_loss": [
    2.213554264817919,
    0.7567140970911298,
    0.43567539538655964,
    0.21305417737790516,
    0.11543082711952073,
    0.05381996961576598,
    0.023191764312131064,
    0.023185753024050168,
    0.013886881593082632,
    0.0061949528221573145,
    0.00618067504838109,
    0.004156026802957058,
    0.007442504480215055
  ],
  "train_acc": [
    0.4714285714285714,
    0.5535714285714286,
    0.7571428571428571,
    0.9892857142857143,
    0.9821428571428571,
    0.9928571428571429,
    1.0,
    0.9964285714285714,
    0.9964285714285714,
    1.0,
    1.0,
    1.0,
    1.0
  ],
  "val_loss": [
    1.6634857217470804,
    0.9903971155484518,
    0.70144957502683,
    0.5094231228033702,
    0.3814655959606171,
    0.2758452544609706,
    0.231467542052269,
    0.22588872015476227,
    0.18313730508089066,
    0.17191201845804852,
    0.1582768142223358,
    0.161765485505263,
    0.16442615340153377
  ],
  "val_acc": [
    0.48333333333333334,
    0.5333333333333333,
    0.55,
    0.8,
    0.8166666666666667,
    0.85,
    0.9,
    0.9,
    0.9166666666666666,
    0.9333333333333333,
    0.9333333333333333,
    0.9333333333333333,
    0.9333333333333333
  ]
}