{
  "train_loss": [
    1.477418840272086,
    0.33305413143975393,
    0.21909051563058582,
    0.21822414926120212,
    0.21711204494748798
  ],
  "train_acc": [
    0.5185714285714286,
    0.9528571428571428,
    0.9914285714285714,
    0.9928571428571429,
    0.9914285714285714
  ],
  "val_loss": [
    0.5009980090459187,
    0.20735116521517435,
    0.20320057153701782,
    0.20073723912239075,
    0.2001886163155238
  ],
  "val_acc": [
    0.8466666666666667,
    1.0,
    1.0,
    1.0,
    1.0
  ]
}